{
  "hash": "7e22877e92039981b8b3f4b49c19a1fc",
  "result": {
    "markdown": "---\ntitle: \"Don't Try to Forecast Everything: Predictability of Time Series\"\ndate: 09/01/2022\nauthor: Murat Koptur\ndraft: true\nexecute:\n  freeze: auto\n  echo: false\n  warning: false\n  error: false\nformat: \n   html:\n     df-print: paged\nlisting: true\n---\n\n\nMost of time series analyses start with investigating series, autocorrelation and \npartial autocorrelation plots. Then one estimates different time series models\n(like ARIMA, GARCH, State-space models) and performs model checks.\n\nBut no one asks whether that series is predictable or not.\n\nWe'll look at a few handy tools that give more information about our time series.\n\n\n::: {.cell}\n\n:::\n\n\n\n## Data\n\nWe'll use some example time series:\n\n* Monthly Airline Passenger Numbers 1949-1960 (AirPassengers)\n\n\n  ::: {.cell}\n  ::: {.cell-output-display}\n  ```{=html}\n  <div id=\"htmlwidget-db868e28a20cd870566e\" style=\"width:100%;height:464px;\" class=\"plotly html-widget\"></div>\n  <script type=\"application/json\" data-for=\"htmlwidget-db868e28a20cd870566e\">{\"x\":{\"visdat\":{\"bac3a193642\":[\"function () \",\"plotlyVisDat\"]},\"cur_data\":\"bac3a193642\",\"attrs\":{\"bac3a193642\":{\"x\":{},\"y\":{},\"mode\":\"lines\",\"line\":{\"width\":2,\"dash\":null,\"color\":\"#00526d\"},\"alpha_stroke\":1,\"sizes\":[10,100],\"spans\":[1,20],\"type\":\"scatter\"}},\"layout\":{\"margin\":{\"b\":40,\"l\":60,\"t\":25,\"r\":10},\"xaxis\":{\"domain\":[0,1],\"automargin\":true,\"title\":\"\",\"showgrid\":false},\"yaxis\":{\"domain\":[0,1],\"automargin\":true,\"title\":\"\",\"showgrid\":false},\"title\":\"AirPassengers\",\"hovermode\":\"closest\",\"showlegend\":false},\"source\":\"A\",\"config\":{\"modeBarButtonsToAdd\":[\"hoverclosest\",\"hovercompare\"],\"showSendToCloud\":false},\"data\":[{\"x\":[1949,1949.08333333333,1949.16666666667,1949.25,1949.33333333333,1949.41666666667,1949.5,1949.58333333333,1949.66666666667,1949.75,1949.83333333333,1949.91666666667,1950,1950.08333333333,1950.16666666667,1950.25,1950.33333333333,1950.41666666667,1950.5,1950.58333333333,1950.66666666667,1950.75,1950.83333333333,1950.91666666667,1951,1951.08333333333,1951.16666666667,1951.25,1951.33333333333,1951.41666666667,1951.5,1951.58333333333,1951.66666666667,1951.75,1951.83333333333,1951.91666666667,1952,1952.08333333333,1952.16666666667,1952.25,1952.33333333333,1952.41666666667,1952.5,1952.58333333333,1952.66666666667,1952.75,1952.83333333333,1952.91666666667,1953,1953.08333333333,1953.16666666667,1953.25,1953.33333333333,1953.41666666667,1953.5,1953.58333333333,1953.66666666667,1953.75,1953.83333333333,1953.91666666667,1954,1954.08333333333,1954.16666666667,1954.25,1954.33333333333,1954.41666666667,1954.5,1954.58333333333,1954.66666666667,1954.75,1954.83333333333,1954.91666666667,1955,1955.08333333334,1955.16666666667,1955.25,1955.33333333334,1955.41666666667,1955.5,1955.58333333334,1955.66666666667,1955.75,1955.83333333334,1955.91666666667,1956,1956.08333333334,1956.16666666667,1956.25,1956.33333333334,1956.41666666667,1956.5,1956.58333333334,1956.66666666667,1956.75,1956.83333333334,1956.91666666667,1957,1957.08333333334,1957.16666666667,1957.25,1957.33333333334,1957.41666666667,1957.5,1957.58333333334,1957.66666666667,1957.75,1957.83333333334,1957.91666666667,1958,1958.08333333334,1958.16666666667,1958.25,1958.33333333334,1958.41666666667,1958.5,1958.58333333334,1958.66666666667,1958.75,1958.83333333334,1958.91666666667,1959,1959.08333333334,1959.16666666667,1959.25,1959.33333333334,1959.41666666667,1959.5,1959.58333333334,1959.66666666667,1959.75,1959.83333333334,1959.91666666667,1960,1960.08333333334,1960.16666666667,1960.25,1960.33333333334,1960.41666666667,1960.5,1960.58333333334,1960.66666666667,1960.75,1960.83333333334,1960.91666666667],\"y\":[112,118,132,129,121,135,148,148,136,119,104,118,115,126,141,135,125,149,170,170,158,133,114,140,145,150,178,163,172,178,199,199,184,162,146,166,171,180,193,181,183,218,230,242,209,191,172,194,196,196,236,235,229,243,264,272,237,211,180,201,204,188,235,227,234,264,302,293,259,229,203,229,242,233,267,269,270,315,364,347,312,274,237,278,284,277,317,313,318,374,413,405,355,306,271,306,315,301,356,348,355,422,465,467,404,347,305,336,340,318,362,348,363,435,491,505,404,359,310,337,360,342,406,396,420,472,548,559,463,407,362,405,417,391,419,461,472,535,622,606,508,461,390,432],\"mode\":\"lines\",\"line\":{\"color\":\"#00526d\",\"width\":2,\"dash\":[]},\"type\":\"scatter\",\"marker\":{\"color\":\"rgba(31,119,180,1)\",\"line\":{\"color\":\"rgba(31,119,180,1)\"}},\"error_y\":{\"color\":\"rgba(31,119,180,1)\"},\"error_x\":{\"color\":\"rgba(31,119,180,1)\"},\"xaxis\":\"x\",\"yaxis\":\"y\",\"frame\":null}],\"highlight\":{\"on\":\"plotly_click\",\"persistent\":false,\"dynamic\":false,\"selectize\":false,\"opacityDim\":0.2,\"selected\":{\"opacity\":1},\"debounce\":0},\"shinyEvents\":[\"plotly_hover\",\"plotly_click\",\"plotly_selected\",\"plotly_relayout\",\"plotly_brushed\",\"plotly_brushing\",\"plotly_clickannotation\",\"plotly_doubleclick\",\"plotly_deselect\",\"plotly_afterplot\",\"plotly_sunburstclick\"],\"base_url\":\"https://plot.ly\"},\"evals\":[],\"jsHooks\":[]}</script>\n  ```\n  :::\n  :::\n\n  \n* Level of Lake Huron 1875-1972 (LakeHuron)\n\n\n  ::: {.cell}\n  ::: {.cell-output-display}\n  ```{=html}\n  <div id=\"htmlwidget-7f5585de70cac84e3a0f\" style=\"width:100%;height:464px;\" class=\"plotly html-widget\"></div>\n  <script type=\"application/json\" data-for=\"htmlwidget-7f5585de70cac84e3a0f\">{\"x\":{\"visdat\":{\"bac63c45fb2\":[\"function () \",\"plotlyVisDat\"]},\"cur_data\":\"bac63c45fb2\",\"attrs\":{\"bac63c45fb2\":{\"x\":{},\"y\":{},\"mode\":\"lines\",\"line\":{\"width\":2,\"dash\":null,\"color\":\"#00526d\"},\"alpha_stroke\":1,\"sizes\":[10,100],\"spans\":[1,20],\"type\":\"scatter\"}},\"layout\":{\"margin\":{\"b\":40,\"l\":60,\"t\":25,\"r\":10},\"xaxis\":{\"domain\":[0,1],\"automargin\":true,\"title\":\"\",\"showgrid\":false},\"yaxis\":{\"domain\":[0,1],\"automargin\":true,\"title\":\"\",\"showgrid\":false},\"title\":\"LakeHuron\",\"hovermode\":\"closest\",\"showlegend\":false},\"source\":\"A\",\"config\":{\"modeBarButtonsToAdd\":[\"hoverclosest\",\"hovercompare\"],\"showSendToCloud\":false},\"data\":[{\"x\":[1875,1876,1877,1878,1879,1880,1881,1882,1883,1884,1885,1886,1887,1888,1889,1890,1891,1892,1893,1894,1895,1896,1897,1898,1899,1900,1901,1902,1903,1904,1905,1906,1907,1908,1909,1910,1911,1912,1913,1914,1915,1916,1917,1918,1919,1920,1921,1922,1923,1924,1925,1926,1927,1928,1929,1930,1931,1932,1933,1934,1935,1936,1937,1938,1939,1940,1941,1942,1943,1944,1945,1946,1947,1948,1949,1950,1951,1952,1953,1954,1955,1956,1957,1958,1959,1960,1961,1962,1963,1964,1965,1966,1967,1968,1969,1970,1971,1972],\"y\":[580.38,581.86,580.97,580.8,579.79,580.39,580.42,580.82,581.4,581.32,581.44,581.68,581.17,580.53,580.01,579.91,579.14,579.16,579.55,579.67,578.44,578.24,579.1,579.09,579.35,578.82,579.32,579.01,579,579.8,579.83,579.72,579.89,580.01,579.37,578.69,578.19,578.67,579.55,578.92,578.09,579.37,580.13,580.14,579.51,579.24,578.66,578.86,578.05,577.79,576.75,576.75,577.82,578.64,580.58,579.48,577.38,576.9,576.94,576.24,576.84,576.85,576.9,577.79,578.18,577.51,577.23,578.42,579.61,579.05,579.26,579.22,579.38,579.1,577.95,578.12,579.75,580.85,580.41,579.96,579.61,578.76,578.18,577.21,577.13,579.1,578.25,577.91,576.89,575.96,576.8,577.68,578.38,578.52,579.74,579.31,579.89,579.96],\"mode\":\"lines\",\"line\":{\"color\":\"#00526d\",\"width\":2,\"dash\":[]},\"type\":\"scatter\",\"marker\":{\"color\":\"rgba(31,119,180,1)\",\"line\":{\"color\":\"rgba(31,119,180,1)\"}},\"error_y\":{\"color\":\"rgba(31,119,180,1)\"},\"error_x\":{\"color\":\"rgba(31,119,180,1)\"},\"xaxis\":\"x\",\"yaxis\":\"y\",\"frame\":null}],\"highlight\":{\"on\":\"plotly_click\",\"persistent\":false,\"dynamic\":false,\"selectize\":false,\"opacityDim\":0.2,\"selected\":{\"opacity\":1},\"debounce\":0},